{
  "schemaVersion": 1,
  "id": "cobblemon_fabric_mdk",
  "version": "1.0.0",
  "name": "Cobblemon Fabric MDK",
  "description": "A MDK useful for Fabric Development",
  "authors": [
    "The Cobblemon Team"
  ],
  "license": "MPL-2.0",
  "environment": "*",
  "entrypoints": {
    "main": [
      "com.cobblemon.mdks.fabric.FabricMod"
    ]
  },
  "depends": {
    "java": ">=17",
    "minecraft": ">=1.19.2",
    "fabricloader": ">=0.13.3",
    "fabric": "*",
    "architectury": ">=6.0.37",
    "cobblemon": ">=1.2.0"
  }
}